league,market,strategy,n_rows,g1_brier_diff_mean,g1_brier_diff_ci_lo,g1_brier_diff_ci_hi,g1_brier_diff_mean_oracle,g1_brier_diff_ci_lo_oracle,g1_brier_diff_ci_hi_oracle,g1_brier_skill_score,g2_star_pred_mean,g2_star_true_mean,g2_star_abs_diff,g2_star_sigma,g2_star_z,g2_star_z_oracle,g3_bench_pred_mean,g3_bench_true_mean,g3_bench_abs_diff,g3_bench_sigma,g3_bench_z,g3_bench_z_oracle,g4_iqr_pred,g4_iqr_true,g4_iqr_ratio,g4_iqr_ratio_oracle,g5_ece,g5_ece_oracle,g1_pass,g2_pass,g3_pass,g4_pass,g5_pass,ship
NBA,AST,ship75-step0-g4audit-2026-05-23,2212,-0.0397,-0.0472,-0.0325,-0.2872,-0.2929,-0.2814,0.1382,6.8016,6.8063,0.0047,3.0268,0.0015,0.0,1.973,1.4394,0.5336,1.4977,0.3563,0.0,2.7314,4.0,0.6829,1.0,0.0396,0.0,True,True,True,True,True,True
NBA,BLK,ship75-step0-g4audit-2026-05-23,2257,-0.0878,-0.1,-0.0744,-0.3048,-0.3113,-0.2979,0.288,1.6227,1.4469,0.1758,1.5461,0.1137,0.0,0.4354,0.246,0.1894,0.4852,0.3903,0.0,1.0,1.0,1.0,1.0,0.0338,0.0,True,True,True,True,True,True
NBA,BLST,ship75-step0-g4audit-2026-05-23,2181,-0.0189,-0.0272,-0.0104,-0.2653,-0.271,-0.2599,0.0713,2.1616,2.0868,0.0749,1.6581,0.0452,0.0,1.0801,0.9615,0.1186,1.0685,0.111,0.0,2.0,2.0,1.0,1.0,0.0905,0.0,True,True,True,True,False,False
NBA,DREB,ship75-step0-g4audit-2026-05-23,2116,-0.0769,-0.0865,-0.0667,-0.3064,-0.3133,-0.2996,0.2511,4.0991,4.0896,0.0094,1.5103,0.0062,0.0,2.1796,1.8998,0.2798,1.4998,0.1866,0.0,1.9513,3.0,0.6504,1.0,0.0873,0.0,True,True,True,True,False,False
NBA,FG3A,ship75-step0-g4audit-2026-05-23,2102,-0.0152,-0.0209,-0.009,-0.25,-0.25,-0.25,0.0607,5.2619,5.1754,0.0865,1.5653,0.0553,0.0,1.7771,1.3916,0.3855,1.6558,0.2328,0.0,2.5161,3.75,0.671,1.0,0.0665,0.0,True,True,True,True,True,True
NBA,FG3M,ship75-step0-g4audit-2026-05-23,2224,-0.1081,-0.1213,-0.094,-0.3318,-0.3412,-0.3222,0.3259,2.8386,2.6906,0.148,1.7929,0.0825,0.0,0.8615,0.5827,0.2787,0.9503,0.2933,0.0,2.0,2.0,1.0,1.0,0.0769,0.0,True,True,True,True,False,False
NBA,FGA,ship75-step0-g4audit-2026-05-23,1885,-0.0232,-0.0313,-0.0156,-0.2511,-0.2521,-0.2501,0.0925,12.5918,17.4127,4.8209,5.2904,0.9113,0.0,6.1199,6.6314,0.5115,3.1609,0.1618,0.0,4.6187,7.0,0.6598,1.0,0.0934,0.0,True,False,True,True,False,False
NBA,FGM,ship75-step0-g4audit-2026-05-23,2120,-0.0236,-0.0294,-0.0178,-0.25,-0.25,-0.25,0.0944,5.9059,5.7689,0.137,1.8079,0.0758,0.0,2.6834,2.5887,0.0947,1.9397,0.0488,0.0,2.6428,4.0,0.6607,1.0,0.0796,0.0,True,True,True,True,False,False
NBA,FTM,ship75-step0-g4audit-2026-05-23,2052,-0.0228,-0.0304,-0.0149,-0.2604,-0.2646,-0.2565,0.0874,3.0535,4.3058,1.2523,3.4071,0.3676,0.0,0.8667,0.729,0.1376,1.162,0.1184,0.0,2.0,3.0,0.6667,1.0,0.0413,0.0,True,True,True,True,True,True
NBA,MIN,ship75-step0-g4audit-2026-05-23,1582,-0.071,-0.08,-0.0619,-0.25,-0.25,-0.25,0.284,29.1936,29.0377,0.1559,3.4694,0.0449,0.0,23.0461,24.1414,1.0954,4.2617,0.257,0.0,6.4974,7.0,0.9282,1.0,0.0488,0.0,True,True,True,True,True,True
NBA,OREB,ship75-step0-g4audit-2026-05-23,2189,,,,,,,,1.6517,1.4932,0.1585,1.0243,0.1548,0.0,0.6199,0.469,0.1509,0.7262,0.2078,0.0,1.0,1.0,1.0,1.0,0.0684,0.0,True,True,True,True,True,True
NBA,PA,ship75-step0-g4audit-2026-05-23,2204,-0.0128,-0.0184,-0.0068,-0.2603,-0.264,-0.2566,0.0493,29.4786,29.9955,0.5169,8.6453,0.0598,0.0,10.0526,10.5626,0.51,6.3357,0.0805,0.0,10.4328,14.0,0.7452,1.0,0.0475,0.0,True,True,True,True,True,True
NBA,PF,ship75-step0-g4audit-2026-05-23,2171,,,,,,,,2.4416,2.5092,0.0675,1.1288,0.0598,0.0,1.558,1.5543,0.0037,1.1702,0.0031,0.0,2.0,2.0,1.0,1.0,0.147,0.0,True,True,True,True,False,False
NBA,PR,ship75-step0-g4audit-2026-05-23,2217,-0.0196,-0.0262,-0.0135,-0.2655,-0.27,-0.2616,0.0739,30.2047,30.0225,0.1821,9.477,0.0192,0.0,12.1924,12.8559,0.6635,7.075,0.0938,0.0,10.6105,13.0,0.8162,1.0,0.051,0.0,True,True,True,True,True,True
NBA,PRA,ship75-step0-g4audit-2026-05-23,2250,-0.0069,-0.0121,-0.0017,-0.2598,-0.2634,-0.2558,0.0266,35.8613,36.2267,0.3654,9.9681,0.0367,0.0,13.3532,14.5471,1.1939,8.1631,0.1463,0.0,12.9847,15.0,0.8656,1.0,0.0577,0.0,True,True,True,True,True,True
NBA,PTS,ship75-step0-g4audit-2026-05-23,2249,-0.027,-0.0343,-0.0201,-0.2792,-0.2846,-0.2737,0.0968,23.9566,24.2,0.2434,8.543,0.0285,0.0,7.3569,8.1155,0.7586,5.9726,0.127,0.0,9.1851,12.0,0.7654,1.0,0.0573,0.0,True,True,True,True,True,True
NBA,RA,ship75-step0-g4audit-2026-05-23,2214,-0.0157,-0.0213,-0.0098,-0.2614,-0.2649,-0.258,0.0602,13.3436,14.2613,0.9176,5.0772,0.1807,0.0,5.3575,5.9007,0.5432,3.5363,0.1536,0.0,4.8329,6.0,0.8055,1.0,0.0583,0.0,True,True,True,True,True,True
NBA,REB,ship75-step0-g4audit-2026-05-23,2216,-0.0369,-0.0449,-0.0291,-0.2816,-0.288,-0.2754,0.1311,8.9551,8.7568,0.1984,3.9389,0.0504,0.0,2.824,3.0903,0.2663,2.233,0.1192,0.0,3.317,4.0,0.8292,1.0,0.0302,0.0,True,True,True,True,True,True
NBA,STL,ship75-step0-g4audit-2026-05-23,2136,-0.0463,-0.0558,-0.0369,-0.2837,-0.2899,-0.2777,0.1633,1.5072,1.412,0.0951,1.158,0.0821,0.0,0.7168,0.5449,0.1719,0.7826,0.2197,0.0,1.0,1.0,1.0,1.0,0.0313,0.0,True,True,True,True,True,True
NBA,TOV,ship75-step0-g4audit-2026-05-23,2070,-0.0134,-0.0208,-0.0059,-0.2557,-0.2599,-0.2515,0.0525,2.3124,2.6763,0.364,1.789,0.2034,0.0,0.9722,0.7452,0.227,0.9187,0.2471,0.0,2.0,2.0,1.0,1.0,0.0775,0.0,True,True,True,True,False,False
NBA,fantasy-points-prizepicks,ship75-step0-g4audit-2026-05-23,1632,-0.1077,-0.1211,-0.0955,-0.306,-0.3154,-0.2973,0.352,30.8025,37.8396,7.0371,13.4593,0.5228,0.0,21.3673,21.7806,0.4134,6.5668,0.063,0.0,10.0755,13.3,0.7576,1.0,0.06,0.0,True,False,True,True,True,False
NFL,attempts,ship75-step0-g4audit-2026-05-23,385,-0.0097,-0.0226,0.0034,-0.2609,-0.2675,-0.2552,0.0371,33.3562,31.9487,1.4075,8.5838,0.164,0.0,27.4444,29.0309,1.5866,10.1504,0.1563,0.0,8.7785,12.0,0.7315,1.0,0.0404,0.0,False,True,True,True,True,False
NFL,carries,ship75-step0-g4audit-2026-05-23,895,-0.0083,-0.0171,0.0008,-0.2605,-0.2651,-0.2559,0.0317,17.3972,17.4505,0.0533,6.6738,0.008,0.0,2.6689,2.9554,0.2865,2.4564,0.1166,0.0,8.8974,10.0,0.8897,1.0,0.052,0.0,False,True,True,True,True,False
NFL,completions,ship75-step0-g4audit-2026-05-23,386,-0.0068,-0.0202,0.0065,-0.257,-0.2633,-0.252,0.0266,23.4154,21.6154,1.8,6.1371,0.2933,0.0,17.3494,17.6186,0.2692,6.6292,0.0406,0.0,6.0394,8.0,0.7549,1.0,0.0445,0.0,False,True,True,True,True,False
NFL,fantasy-points-prizepicks,ship75-step0-g4audit-2026-05-23,2154,-0.0233,-0.0303,-0.0157,-0.2517,-0.2529,-0.2505,0.0925,18.0454,15.1052,2.9402,5.9138,0.4972,0.0,5.196,5.7029,0.5069,4.7282,0.1072,0.0,9.1855,10.3,0.8918,1.0,0.0674,0.0,True,True,True,True,True,True
NFL,fantasy-points-underdog,ship75-step0-g4audit-2026-05-23,2141,-0.0289,-0.0353,-0.0223,-0.2513,-0.2529,-0.2496,0.1149,16.7415,14.5007,2.2408,5.5332,0.405,0.0,4.1179,4.4785,0.3606,4.0082,0.09,0.0,8.5642,9.5,0.9015,1.0,0.064,0.0,True,True,True,True,True,True
NFL,interceptions,ship75-step0-g4audit-2026-05-23,383,-0.0153,-0.0333,0.0023,-0.2727,-0.2819,-0.2635,0.0559,0.7284,0.78,0.0516,0.7637,0.0676,0.0,0.8619,0.5521,0.3098,0.7089,0.4371,0.0,1.0,1.0,1.0,1.0,0.0947,0.0,False,True,True,True,False,False
NFL,passing-first-downs,ship75-step0-g4audit-2026-05-23,277,-0.0371,-0.0515,-0.0216,-0.2442,-0.2479,-0.2402,0.1518,9.2923,8.5,0.7923,2.0092,0.3943,0.0,7.4754,7.4857,0.0104,2.3328,0.0044,0.0,2.7694,4.0,0.6924,1.0,0.0953,0.0,True,True,True,True,False,False
NFL,passing-tds,ship75-step0-g4audit-2026-05-23,398,-0.024,-0.0423,-0.0075,-0.2739,-0.2845,-0.2636,0.0877,1.846,1.9756,0.1296,1.1723,0.1106,0.0,1.1177,1.08,0.0377,1.0018,0.0376,0.0,2.0,1.75,1.1429,1.0,0.0644,0.0,True,True,True,True,True,True
NFL,passing-yards,ship75-step0-g4audit-2026-05-23,386,-0.0229,-0.0398,-0.0054,-0.2705,-0.2783,-0.2629,0.0846,248.2351,262.0256,13.7906,79.4847,0.1735,0.0,177.5035,192.7526,15.2491,84.1556,0.1812,0.0,80.0095,102.0,0.7844,1.0,0.093,0.0,True,True,True,True,False,False
NFL,qb-tds,ship75-step0-g4audit-2026-05-23,240,-0.0203,-0.036,-0.005,-0.2687,-0.2782,-0.2597,0.0757,1.8438,1.1667,0.6771,0.8165,0.8293,0.0,1.54,1.15,0.39,0.8198,0.4758,0.0,1.0,1.0,1.0,1.0,0.0956,0.0,True,False,True,True,False,False
NFL,qb-yards,ship75-step0-g4audit-2026-05-23,310,-0.0495,-0.0714,-0.0283,-0.2502,-0.2504,-0.25,0.1979,248.495,212.7097,35.7853,52.9926,0.6753,0.0,199.5808,187.1667,12.4142,57.8276,0.2147,0.0,88.488,75.0,1.1798,1.0,0.1743,0.0,True,False,True,True,False,False
NFL,receiving-tds,ship75-step0-g4audit-2026-05-23,2250,,,,,,,,0.3061,0.3077,0.0016,0.4625,0.0035,0.0,0.1148,0.1066,0.0083,0.3088,0.0268,0.0,0.0,0.0,1.0,1.0,0.0368,0.0,True,True,True,True,True,True
NFL,receiving-yards,ship75-step0-g4audit-2026-05-23,2246,-0.0067,-0.0121,-0.0011,-0.2628,-0.2657,-0.2597,0.0256,70.3432,66.5067,3.8366,37.2608,0.103,0.0,18.3039,15.1317,3.1722,18.5767,0.1708,0.0,31.5956,38.75,0.8154,1.0,0.0647,0.0,True,True,True,True,True,True
NFL,receptions,ship75-step0-g4audit-2026-05-23,2223,-0.0197,-0.0257,-0.0137,-0.2714,-0.2752,-0.2678,0.0726,5.7055,5.646,0.0595,2.7388,0.0217,0.0,1.9011,1.5468,0.3543,1.4381,0.2464,0.0,2.0724,3.0,0.6908,1.0,0.0553,0.0,True,True,True,True,True,True
NFL,rushing-tds,ship75-step0-g4audit-2026-05-23,2250,,,,,,,,0.4271,0.29,0.1371,0.4548,0.3014,0.0,0.0334,0.0213,0.0121,0.1446,0.0835,0.0,0.0,0.0,1.0,1.0,0.0161,0.0,True,True,True,True,True,True
NFL,rushing-yards,ship75-step0-g4audit-2026-05-23,973,0.0017,-0.0066,0.0101,-0.26,-0.2636,-0.2564,-0.0064,75.9339,82.23,6.2961,49.8563,0.1263,0.0,10.4002,12.2049,1.8047,15.8121,0.1141,0.0,824.197,44.0,18.7318,1.0,0.0915,0.0,False,True,True,True,False,False
NFL,sacks-taken,ship75-step0-g4audit-2026-05-23,258,-0.0007,-0.0216,0.0201,-0.2587,-0.2691,-0.2486,0.0027,2.2827,1.5862,0.6965,1.2682,0.5492,0.0,1.7892,1.4,0.3892,1.0869,0.3581,0.0,3.0,3.0,1.0,1.0,0.0835,0.0,False,False,True,True,False,False
NFL,targets,ship75-step0-g4audit-2026-05-23,1812,-0.0337,-0.0392,-0.0283,-0.25,-0.25,-0.25,0.1349,8.0306,6.8333,1.1972,2.292,0.5224,0.0,2.175,2.7219,0.5469,1.8295,0.2989,0.0,3.575,4.0,0.8937,1.0,0.0596,0.0,True,False,True,True,True,False
NFL,tds,ship75-step0-g4audit-2026-05-23,2665,-0.4404,-0.4584,-0.4216,-0.5828,-0.5934,-0.5715,0.7557,0.6822,0.5441,0.1381,0.7814,0.1767,0.0,0.1213,0.1034,0.0179,0.3285,0.0544,0.0,0.0,0.0,1.0,1.0,0.0312,0.0,True,True,True,True,True,True
NFL,yards,ship75-step0-g4audit-2026-05-23,1923,-0.0149,-0.0209,-0.0087,-0.25,-0.25,-0.25,0.0597,82.7346,70.1865,12.5481,25.4525,0.493,0.0,26.5995,25.2308,1.3687,23.7105,0.0577,0.0,38.3546,45.0,0.8523,1.0,0.0606,0.0,True,True,True,True,True,True
WNBA,AST,ship75-step0-g4audit-2026-05-23,2179,-0.035,-0.0431,-0.0267,-0.2686,-0.2728,-0.2645,0.1304,5.4079,5.621,0.2131,2.7773,0.0767,0.0,1.6181,0.9688,0.6493,1.1069,0.5866,0.0,2.111,3.0,0.7037,1.0,0.0564,0.0,True,True,False,True,True,False
WNBA,BLK,ship75-step0-g4audit-2026-05-23,2242,,,,,,,,0.8763,0.9333,0.0571,0.7849,0.0727,0.0,0.4111,0.164,0.2471,0.4073,0.6067,0.0,0.0,1.0,0.0,1.0,0.0469,0.0,True,True,False,False,True,False
WNBA,BLST,ship75-step0-g4audit-2026-05-23,2239,,,,,,,,1.8907,2.058,0.1673,1.278,0.1309,0.0,0.9465,0.7643,0.1823,0.906,0.2012,0.0,2.0,2.0,1.0,1.0,0.1214,0.0,True,True,True,True,False,False
WNBA,DREB,ship75-step0-g4audit-2026-05-23,2071,-0.0298,-0.0386,-0.0204,-0.2625,-0.268,-0.2571,0.1136,4.1608,3.9615,0.1993,1.5814,0.126,0.0,1.9634,1.4595,0.5039,1.3503,0.3732,0.0,1.9134,3.0,0.6378,1.0,0.0831,0.0,True,True,True,True,False,False
WNBA,FG3M,ship75-step0-g4audit-2026-05-23,2152,-0.0469,-0.0553,-0.0382,-0.2603,-0.2639,-0.2567,0.1801,2.2362,2.0545,0.1817,1.8149,0.1001,0.0,0.4299,0.1989,0.231,0.4953,0.4665,0.0,1.0,2.0,0.5,1.0,0.0555,0.0,True,True,True,False,True,False
WNBA,FGA,ship75-step0-g4audit-2026-05-23,2083,-0.0349,-0.0411,-0.0288,-0.2542,-0.2547,-0.2537,0.1374,12.4232,12.0574,0.3658,3.0122,0.1214,0.0,4.9145,5.1248,0.2102,2.6403,0.0796,0.0,4.7811,5.0,0.9562,1.0,0.0612,0.0,True,True,True,True,True,True
WNBA,FTM,ship75-step0-g4audit-2026-05-23,2227,,,,,,,,3.0976,2.8655,0.2321,1.884,0.1232,0.0,1.0455,0.6643,0.3812,1.119,0.3407,0.0,2.0,2.0,1.0,1.0,0.0477,0.0,True,True,True,True,True,True
WNBA,MIN,ship75-step0-g4audit-2026-05-23,1891,-0.0473,-0.0548,-0.0395,-0.2499,-0.2506,-0.2491,0.1891,30.8059,30.9033,0.0973,3.6427,0.0267,0.0,19.859,20.0344,0.1754,5.2024,0.0337,0.0,8.507,10.9917,0.774,1.0,0.0321,0.0,True,True,True,True,True,True
WNBA,OREB,ship75-step0-g4audit-2026-05-23,2250,,,,,,,,1.9103,1.84,0.0703,1.2469,0.0564,0.0,0.6763,0.4263,0.25,0.6876,0.3636,0.0,1.0,1.0,1.0,1.0,0.0707,0.0,True,True,True,True,True,True
WNBA,PA,ship75-step0-g4audit-2026-05-23,2041,-0.0126,-0.0196,-0.0057,-0.2522,-0.2542,-0.2503,0.0498,21.3524,23.9512,2.5988,7.4562,0.3485,0.0,8.0551,8.4814,0.4263,4.4839,0.0951,0.0,8.3877,11.0,0.7625,1.0,0.036,0.0,True,True,True,True,True,True
WNBA,PR,ship75-step0-g4audit-2026-05-23,2010,-0.0123,-0.0184,-0.0059,-0.255,-0.2573,-0.2526,0.0482,23.4115,25.9602,2.5487,7.9661,0.3199,0.0,9.8537,10.0119,0.1582,5.2179,0.0303,0.0,8.5579,12.0,0.7132,1.0,0.0285,0.0,True,True,True,True,True,True
WNBA,PRA,ship75-step0-g4audit-2026-05-23,2006,-0.0032,-0.0092,0.0028,-0.2505,-0.2521,-0.249,0.0129,27.3958,29.3433,1.9475,9.1311,0.2133,0.0,11.1818,11.5797,0.3979,5.2533,0.0757,0.0,9.5117,12.0,0.7926,1.0,0.0557,0.0,False,True,True,True,True,False
WNBA,PTS,ship75-step0-g4audit-2026-05-23,2206,-0.0086,-0.0151,-0.0018,-0.2575,-0.2601,-0.2549,0.0333,18.2239,19.2443,1.0204,7.2302,0.1411,0.0,6.2466,5.6685,0.5781,4.4754,0.1292,0.0,7.8612,9.0,0.8735,1.0,0.0357,0.0,True,True,True,True,True,True
WNBA,RA,ship75-step0-g4audit-2026-05-23,2122,-0.0089,-0.0151,-0.0023,-0.25,-0.2518,-0.2481,0.0357,10.9516,11.7746,0.8231,4.75,0.1733,0.0,3.8836,4.0433,0.1597,2.406,0.0664,0.0,4.2235,5.0,0.8447,1.0,0.0316,0.0,True,True,True,True,True,True
WNBA,REB,ship75-step0-g4audit-2026-05-23,2179,-0.0103,-0.0162,-0.0042,-0.2526,-0.2559,-0.2494,0.0406,8.0963,8.1553,0.0589,3.5483,0.0166,0.0,2.4315,2.1248,0.3067,1.8157,0.1689,0.0,3.3097,4.0,0.8274,1.0,0.0298,0.0,True,True,True,True,True,True
WNBA,STL,ship75-step0-g4audit-2026-05-23,2250,,,,,,,,1.2213,1.385,0.1636,1.0056,0.1627,0.0,0.7281,0.5382,0.1899,0.7592,0.2501,0.0,1.0,1.0,1.0,1.0,0.0961,0.0,True,True,True,True,False,False
WNBA,TOV,ship75-step0-g4audit-2026-05-23,2233,,,,,,,,2.1229,2.0578,0.0651,1.2068,0.054,0.0,1.0741,0.932,0.142,0.9868,0.1439,0.0,2.0,2.0,1.0,1.0,0.1207,0.0,True,True,True,True,False,False
WNBA,fantasy-points-prizepicks,ship75-step0-g4audit-2026-05-23,1941,-0.0634,-0.0732,-0.0534,-0.2758,-0.2804,-0.2714,0.2297,31.0312,29.1708,1.8604,7.0885,0.2625,0.0,14.7383,15.4531,0.7148,6.9673,0.1026,0.0,11.579,14.3,0.8097,1.0,0.0306,0.0,True,True,True,True,True,True
